// 아이디,//타입,//아이콘타입,// 아이콘 이름,// 이미지,//설명,,,"// 아이디규칙 -> 1~500 : 업적지급아이콘, 501~1000 : 아이템지급아이콘, 1001~1024 : 기본지급아이콘, 2001~ 3000 : 칭호, 9001~ 기타"
ID,Category,IconType,Name,ResourceName,,,,
1,Profile_Icon,Achievement,#CSO2_ACHIVEMENT_NAME_01,ach_1,"""트레인 맵 베테랑""",,,
2,Profile_Icon,Achievement,#CSO2_ACHIVEMENT_NAME_02,ach_2,"""더스트2 맵 베테랑""",,,
3,Profile_Icon,Achievement,#CSO2_ACHIVEMENT_NAME_03,ach_3,"""이태리 맵 베테랑""",,,
4,Profile_Icon,Achievement,#CSO2_ACHIVEMENT_NAME_04,ach_4,"""인페르노 맵 베테랑""",,,
5,Profile_Icon,Achievement,#CSO2_ACHIVEMENT_NAME_05,ach_5,"""업라이징 맵 베테랑""",,,
6,Profile_Icon,Achievement,#CSO2_ACHIVEMENT_NAME_06,ach_6,"""셧다운 맵 베테랑""",,,
7,Profile_Icon,Achievement,#CSO2_ACHIVEMENT_NAME_07,ach_7,"""밀리샤 맵 베테랑""",,,
8,Profile_Icon,Achievement,#CSO2_ACHIVEMENT_NAME_08,ach_8,"""프로디지 맵 베테랑""",,,
9,Profile_Icon,Achievement,#CSO2_ACHIVEMENT_NAME_09,ach_9,"""뉴크 맵 베테랑""",,,
10,Profile_Icon,Achievement,#CSO2_ACHIVEMENT_NAME_10,ach_10,"""아즈택 맵 베테랑""",,,
11,Profile_Icon,Achievement,#CSO2_ACHIVEMENT_NAME_11,ach_11,"""클래식 오리지날 마스터""",,,
12,Profile_Icon,Achievement,#CSO2_ACHIVEMENT_NAME_12,ach_12,"""CSO2 오리지날 마스터""",,,
13,Profile_Icon,Achievement,#CSO2_ACHIVEMENT_NAME_13,ach_13,"""팀데스매치 마스터""",,,
14,Profile_Icon,Achievement,#CSO2_ACHIVEMENT_NAME_14,ach_14,"""대회모드 마스터""",,,
15,Profile_Icon,Achievement,#CSO2_ACHIVEMENT_NAME_15,ach_15,"""킬레이스 마스터""",,,
16,Profile_Icon,Achievement,#CSO2_ACHIVEMENT_NAME_16,ach_16,"""스텔스 마스터""",,,
17,Profile_Icon,Achievement,#CSO2_ACHIVEMENT_NAME_17,ach_17,"""건팀데스 마스터""",,,
18,Profile_Icon,Achievement,#CSO2_ACHIVEMENT_NAME_18,ach_18,"""듀얼매치 마스터""",,,
19,Profile_Icon,Achievement,#CSO2_ACHIVEMENT_NAME_19,ach_19,"""기초훈련""",,,
20,Profile_Icon,Achievement,#CSO2_ACHIVEMENT_NAME_20,ach_20,"""놀아주세요""",,,
21,Profile_Icon,Achievement,#CSO2_ACHIVEMENT_NAME_21,ach_21,"""불멸자""",,,
22,Profile_Icon,Achievement,#CSO2_ACHIVEMENT_NAME_22,ach_22,"""믿는 도끼로 발등찍기""",,,
23,Profile_Icon,Achievement,#CSO2_ACHIVEMENT_NAME_23,ach_23,"""다크호스""",,,
24,Profile_Icon,Achievement,#CSO2_ACHIVEMENT_NAME_24,ach_24,"""불멸의 부대""",,,
25,Profile_Icon,Achievement,#CSO2_ACHIVEMENT_NAME_25,ach_25,"""첨부터 너란 녀석 맘에들지 않았어""",,,
26,Profile_Icon,Achievement,#CSO2_ACHIVEMENT_NAME_26,ach_26,"""누구도 가지 않은 길""",,,
27,Profile_Icon,Achievement,#CSO2_ACHIVEMENT_NAME_27,ach_27,"""더 연습하고 와""",,,
28,Profile_Icon,Achievement,#CSO2_ACHIVEMENT_NAME_28,ach_28,"""나는 네가 되고 너는 내가 되는..""",,,
29,Profile_Icon,Achievement,#CSO2_ACHIVEMENT_NAME_29,ach_29,"""추락해봐야 더 높이 날 수 있단다""",,,
30,Profile_Icon,Achievement,#CSO2_ACHIVEMENT_NAME_30,ach_30,"""너만 할 수 있는게 아니란다.""",,,
31,Profile_Icon,Achievement,#CSO2_ACHIVEMENT_NAME_31,ach_31,"""열광하라. 이게 바로 진정한 영웅이다.""",,,
32,Profile_Icon,Achievement,#CSO2_ACHIVEMENT_NAME_32,ach_32,"""수색견""",,,
33,Profile_Icon,Achievement,#CSO2_ACHIVEMENT_NAME_33,ach_33,"""호적수""",,,
34,Profile_Icon,Achievement,#CSO2_ACHIVEMENT_NAME_34,ach_34,"""반격 개시""",,,
35,Profile_Icon,Achievement,#CSO2_ACHIVEMENT_NAME_35,ach_35,"""양치기""",,,
36,Profile_Icon,Achievement,#CSO2_ACHIVEMENT_NAME_36,ach_36,"""파수꾼""",,,
37,Profile_Icon,Achievement,#CSO2_ACHIVEMENT_NAME_37,ach_37,"""다이하드""",,,
38,Profile_Icon,Achievement,#CSO2_ACHIVEMENT_NAME_38,ach_38,"""폭탄마""",,,
39,Profile_Icon,Achievement,#CSO2_ACHIVEMENT_NAME_39,ach_39,"""빨간선이 정답이었어!""",,,
40,Profile_Icon,Achievement,#CSO2_ACHIVEMENT_NAME_40,ach_40,"""위대한 승리""",,,
41,Profile_Icon,Achievement,#CSO2_ACHIVEMENT_NAME_41,ach_41,"""승리의 화신""",,,
42,Profile_Icon,Achievement,#CSO2_ACHIVEMENT_NAME_42,ach_42,"""전쟁의 신""",,,
43,Profile_Icon,Achievement,#CSO2_ACHIVEMENT_NAME_43,ach_43,"""양치기 소년""",,,
44,Profile_Icon,Achievement,#CSO2_ACHIVEMENT_NAME_44,ach_44,"""현지 가이드""",,,
45,Profile_Icon,Achievement,#CSO2_ACHIVEMENT_NAME_45,ach_45,"""피리부는 CT""",,,
46,Profile_Icon,Achievement,#CSO2_ACHIVEMENT_NAME_46,ach_46,"""티끌은 모아도 티끌""",,,
47,Profile_Icon,Achievement,#CSO2_ACHIVEMENT_NAME_47,ach_47,"""서민 탈출""",,,
48,Profile_Icon,Achievement,#CSO2_ACHIVEMENT_NAME_48,ach_48,"""모아보니 태산""",,,
49,Profile_Icon,Achievement,#CSO2_ACHIVEMENT_NAME_49,ach_49,"""평화의 전령사""",,,
50,Profile_Icon,Achievement,#CSO2_ACHIVEMENT_NAME_50,ach_50,"""무혈 입성""",,,
51,Profile_Icon,Achievement,#CSO2_ACHIVEMENT_NAME_51,ach_51,"""아껴야 잘살지.""",,,
52,Profile_Icon,Achievement,#CSO2_ACHIVEMENT_NAME_52,ach_52,"""속도가 생명!""",,,
53,Profile_Icon,Achievement,#CSO2_ACHIVEMENT_NAME_53,ach_53,"""학살이란 이런것""",,,
54,Profile_Icon,Achievement,#CSO2_ACHIVEMENT_NAME_54,ach_54,"""팀웍따위 필요없지""",,,
55,Profile_Icon,Achievement,#CSO2_ACHIVEMENT_NAME_55,ach_55,"""피는 피를 부른다""",,,
56,Profile_Icon,Achievement,#CSO2_ACHIVEMENT_NAME_56,ach_56,"""네 몸부터 챙겨야하지 않을까?""",,,
57,Profile_Icon,Achievement,#CSO2_ACHIVEMENT_NAME_57,ach_57,"""위대한 유산""",,,
58,Profile_Icon,Achievement,#CSO2_ACHIVEMENT_NAME_58,ach_58,"""도망칠 수 없을껄""",,,
59,Profile_Icon,Achievement,#CSO2_ACHIVEMENT_NAME_59,ach_59,"""속전 속결""",,,
60,Profile_Icon,Achievement,#CSO2_ACHIVEMENT_NAME_60,ach_60,"""너희들의 목표는 나라구!""",,,
61,Profile_Icon,Achievement,#CSO2_ACHIVEMENT_NAME_61,ach_61,"""전투 개시자""",,,
62,Profile_Icon,Achievement,#CSO2_ACHIVEMENT_NAME_62,ach_62,"""서포터""",,,
63,Profile_Icon,Achievement,#CSO2_ACHIVEMENT_NAME_63,ach_63,"""눈 먼자들의 도시""",,,
64,Profile_Icon,Achievement,#CSO2_ACHIVEMENT_NAME_64,ach_64,"""전시안""",,,
65,Profile_Icon,Achievement,#CSO2_ACHIVEMENT_NAME_65,ach_65,"""전술가""",,,
66,Profile_Icon,Achievement,#CSO2_ACHIVEMENT_NAME_66,ach_66,"""백만장자""",,,
67,Profile_Icon,Achievement,#CSO2_ACHIVEMENT_NAME_67,ach_67,"""마라토너""",,,
68,Profile_Icon,Achievement,#CSO2_ACHIVEMENT_NAME_68,ach_68,"""이게 최선입니까""",,,
69,Profile_Icon,Achievement,#CSO2_ACHIVEMENT_NAME_69,ach_69,"""남는게 돈인데 뭘.""",,,
70,Profile_Icon,Achievement,#CSO2_ACHIVEMENT_NAME_70,ach_70,"""적들의 시체를 넘고 넘어""",,,
71,Profile_Icon,Achievement,#CSO2_ACHIVEMENT_NAME_71,ach_71,"""미쳐날뛰고 있습니다. """,,,
72,Profile_Icon,Achievement,#CSO2_ACHIVEMENT_NAME_72,ach_72,"""폭주기관차""",,,
73,Profile_Icon,Achievement,#CSO2_ACHIVEMENT_NAME_73,ach_73,"""전치 4주""",,,
74,Profile_Icon,Achievement,#CSO2_ACHIVEMENT_NAME_74,ach_74,"""""",,,
75,Profile_Icon,Achievement,#CSO2_ACHIVEMENT_NAME_75,ach_75,"""""",,,
76,Profile_Icon,Achievement,#CSO2_ACHIVEMENT_NAME_76,ach_76,"""-""",,,
77,Profile_Icon,Achievement,#CSO2_ACHIVEMENT_NAME_77,ach_77,"""-""",,,
78,Profile_Icon,Achievement,#CSO2_ACHIVEMENT_NAME_78,ach_78,"""-""",,,
79,Profile_Icon,Achievement,#CSO2_ACHIVEMENT_NAME_79,ach_79,"""어서와 사살은 처음이지? """,,,
80,Profile_Icon,Achievement,#CSO2_ACHIVEMENT_NAME_80,ach_80,"""소드마스터""",,,
81,Profile_Icon,Achievement,#CSO2_ACHIVEMENT_NAME_81,ach_81,"""진정한 스나이퍼라면..""",,,
82,Profile_Icon,Achievement,#CSO2_ACHIVEMENT_NAME_82,ach_82,"""이게 현실이야.""",,,
83,Profile_Icon,Achievement,#CSO2_ACHIVEMENT_NAME_83,ach_83,"""비겁한 변명입니다!!""",,,
84,Profile_Icon,Achievement,#CSO2_ACHIVEMENT_NAME_84,ach_84,"""기분이 묘할꺼다.""",,,
85,Profile_Icon,Achievement,#CSO2_ACHIVEMENT_NAME_85,ach_85,"""넌 최선을 다했어.""",,,
86,Profile_Icon,Achievement,#CSO2_ACHIVEMENT_NAME_86,ach_86,"""무기상인""",,,
87,Profile_Icon,Achievement,#CSO2_ACHIVEMENT_NAME_87,ach_87,"""오메 심장떨려""",,,
88,Profile_Icon,Achievement,#CSO2_ACHIVEMENT_NAME_88,ach_88,"""눈에 뵈는게 없다니까!""",,,
89,Profile_Icon,Achievement,#CSO2_ACHIVEMENT_NAME_89,ach_89,"""선글라스 사세요""",,,
90,Profile_Icon,Achievement,#CSO2_ACHIVEMENT_NAME_90,ach_90,"""뭉치면 죽고 흩어지면 산다.""",,,
91,Profile_Icon,Achievement,#CSO2_ACHIVEMENT_NAME_91,ach_91,"""화력낭비""",,,
92,Profile_Icon,Achievement,#CSO2_ACHIVEMENT_NAME_92,ach_92,"""넌 나에게 모욕감을 줬어""",,,
93,Profile_Icon,Achievement,#CSO2_ACHIVEMENT_NAME_93,ach_93,"""폭발적인 해결책""",,,
94,Profile_Icon,Achievement,#CSO2_ACHIVEMENT_NAME_94,ach_94,"""넌 내 상대가 아니다.""",,,
95,Profile_Icon,Achievement,#CSO2_ACHIVEMENT_NAME_95,ach_95,"""눈에 보이는게 다가 아닐텐데""",,,
96,Profile_Icon,Achievement,#CSO2_ACHIVEMENT_NAME_96,ach_96,"""스쳐도 사망""",,,
97,Profile_Icon,Achievement,#CSO2_ACHIVEMENT_NAME_97,ach_97,"""내려올 필요 없어""",,,
98,Profile_Icon,Achievement,#CSO2_ACHIVEMENT_NAME_98,ach_98,"""혼신의 힘을 담아.""",,,
99,Profile_Icon,Achievement,#CSO2_ACHIVEMENT_NAME_99,ach_99,"""너에게 맡긴다""",,,
100,Profile_Icon,Achievement,#CSO2_ACHIVEMENT_NAME_100,ach_100,"""손쉬운 승리""",,,
101,Profile_Icon,Achievement,#CSO2_ACHIVEMENT_NAME_101,ach_101,"""마이 무따 아이가""",,,
102,Profile_Icon,Achievement,#CSO2_ACHIVEMENT_NAME_102,ach_102,"""이거 아무나 하는 거 아니다""",,,
103,Profile_Icon,Achievement,#CSO2_ACHIVEMENT_NAME_103,ach_103,"""물귀신 작전""",,,
104,Profile_Icon,Achievement,#CSO2_ACHIVEMENT_NAME_104,ach_104,"""사일런트 킬러""",,,
105,Profile_Icon,Achievement,#CSO2_ACHIVEMENT_NAME_105,ach_105,"""엑스레이""",,,
106,Profile_Icon,Achievement,#CSO2_ACHIVEMENT_NAME_106,ach_106,"""고정 포대""",,,
107,Profile_Icon,Achievement,#CSO2_ACHIVEMENT_NAME_107,ach_107,"""장인은 무기를 탓하지 않는 법""",,,
108,Profile_Icon,Achievement,#CSO2_ACHIVEMENT_NAME_108,ach_108,"""아웃브레이크""",,,
109,Profile_Icon,Achievement,#CSO2_ACHIVEMENT_NAME_109,ach_109,"""꼴보기 싫은 녀석""",,,
110,Profile_Icon,Achievement,#CSO2_ACHIVEMENT_NAME_110,ach_110,"""GLOCK 초심자""",,,
111,Profile_Icon,Achievement,#CSO2_ACHIVEMENT_NAME_111,ach_111,"""GLOCK 숙련자""",,,
112,Profile_Icon,Achievement,#CSO2_ACHIVEMENT_NAME_112,ach_112,"""GLOCK 전문가""",,,
113,Profile_Icon,Achievement,#CSO2_ACHIVEMENT_NAME_113,ach_113,"""USP 초심자""",,,
114,Profile_Icon,Achievement,#CSO2_ACHIVEMENT_NAME_114,ach_114,"""USP 숙련자""",,,
115,Profile_Icon,Achievement,#CSO2_ACHIVEMENT_NAME_115,ach_115,"""USP 전문가""",,,
116,Profile_Icon,Achievement,#CSO2_ACHIVEMENT_NAME_116,ach_116,"""P228 초심자""",,,
117,Profile_Icon,Achievement,#CSO2_ACHIVEMENT_NAME_117,ach_117,"""P228 숙련자""",,,
118,Profile_Icon,Achievement,#CSO2_ACHIVEMENT_NAME_118,ach_118,"""P228 전문가""",,,
119,Profile_Icon,Achievement,#CSO2_ACHIVEMENT_NAME_119,ach_119,"""FIVESEVEN 초심자""",,,
120,Profile_Icon,Achievement,#CSO2_ACHIVEMENT_NAME_120,ach_120,"""FIVESEVEN 숙련자""",,,
121,Profile_Icon,Achievement,#CSO2_ACHIVEMENT_NAME_121,ach_121,"""FIVESEVEN 전문가""",,,
122,Profile_Icon,Achievement,#CSO2_ACHIVEMENT_NAME_122,ach_122,"""DESERT EAGLE 초심자""",,,
123,Profile_Icon,Achievement,#CSO2_ACHIVEMENT_NAME_123,ach_123,"""DESERT EAGLE 숙련자""",,,
124,Profile_Icon,Achievement,#CSO2_ACHIVEMENT_NAME_124,ach_124,"""DESERT EAGLE 전문가""",,,
125,Profile_Icon,Achievement,#CSO2_ACHIVEMENT_NAME_125,ach_125,"""DUAL ELITE 초심자""",,,
126,Profile_Icon,Achievement,#CSO2_ACHIVEMENT_NAME_126,ach_126,"""DUAL ELITE 숙련자""",,,
127,Profile_Icon,Achievement,#CSO2_ACHIVEMENT_NAME_127,ach_127,"""DUAL ELITE 전문가""",,,
128,Profile_Icon,Achievement,#CSO2_ACHIVEMENT_NAME_128,ach_128,"""M3 초심자""",,,
129,Profile_Icon,Achievement,#CSO2_ACHIVEMENT_NAME_129,ach_129,"""M3 숙련자""",,,
130,Profile_Icon,Achievement,#CSO2_ACHIVEMENT_NAME_130,ach_130,"""M3 전문가""",,,
131,Profile_Icon,Achievement,#CSO2_ACHIVEMENT_NAME_131,ach_131,"""XM1014 초심자""",,,
132,Profile_Icon,Achievement,#CSO2_ACHIVEMENT_NAME_132,ach_132,"""XM1014 숙련자""",,,
133,Profile_Icon,Achievement,#CSO2_ACHIVEMENT_NAME_133,ach_133,"""XM1014 전문가""",,,
134,Profile_Icon,Achievement,#CSO2_ACHIVEMENT_NAME_134,ach_134,"""FAMAS 초심자""",,,
135,Profile_Icon,Achievement,#CSO2_ACHIVEMENT_NAME_135,ach_135,"""FAMAS 숙련자""",,,
136,Profile_Icon,Achievement,#CSO2_ACHIVEMENT_NAME_136,ach_136,"""FAMAS 전문가""",,,
137,Profile_Icon,Achievement,#CSO2_ACHIVEMENT_NAME_137,ach_137,"""GALIL 초심자""",,,
138,Profile_Icon,Achievement,#CSO2_ACHIVEMENT_NAME_138,ach_138,"""GALIL 숙련자""",,,
139,Profile_Icon,Achievement,#CSO2_ACHIVEMENT_NAME_139,ach_139,"""GALIL 전문가""",,,
140,Profile_Icon,Achievement,#CSO2_ACHIVEMENT_NAME_140,ach_140,"""M4A1 초심자""",,,
141,Profile_Icon,Achievement,#CSO2_ACHIVEMENT_NAME_141,ach_141,"""M4A1 숙련자""",,,
142,Profile_Icon,Achievement,#CSO2_ACHIVEMENT_NAME_142,ach_142,"""M4A1 전문가""",,,
143,Profile_Icon,Achievement,#CSO2_ACHIVEMENT_NAME_143,ach_143,"""AK47 초심자""",,,
144,Profile_Icon,Achievement,#CSO2_ACHIVEMENT_NAME_144,ach_144,"""AK47 숙련자""",,,
145,Profile_Icon,Achievement,#CSO2_ACHIVEMENT_NAME_145,ach_145,"""AK47 전문가""",,,
146,Profile_Icon,Achievement,#CSO2_ACHIVEMENT_NAME_146,ach_146,"""AUG 초심자""",,,
147,Profile_Icon,Achievement,#CSO2_ACHIVEMENT_NAME_147,ach_147,"""AUG 숙련자""",,,
148,Profile_Icon,Achievement,#CSO2_ACHIVEMENT_NAME_148,ach_148,"""AUG 전문가""",,,
149,Profile_Icon,Achievement,#CSO2_ACHIVEMENT_NAME_149,ach_149,"""SG550 초심자""",,,
150,Profile_Icon,Achievement,#CSO2_ACHIVEMENT_NAME_150,ach_150,"""SG550 숙련자""",,,
151,Profile_Icon,Achievement,#CSO2_ACHIVEMENT_NAME_151,ach_151,"""SG550 전문가""",,,
152,Profile_Icon,Achievement,#CSO2_ACHIVEMENT_NAME_152,ach_152,"""SG552 초심자""",,,
153,Profile_Icon,Achievement,#CSO2_ACHIVEMENT_NAME_153,ach_153,"""SG552 숙련자""",,,
154,Profile_Icon,Achievement,#CSO2_ACHIVEMENT_NAME_154,ach_154,"""SG552 전문가""",,,
155,Profile_Icon,Achievement,#CSO2_ACHIVEMENT_NAME_155,ach_155,"""G3SG1 초심자""",,,
156,Profile_Icon,Achievement,#CSO2_ACHIVEMENT_NAME_156,ach_156,"""G3SG1 숙련자""",,,
157,Profile_Icon,Achievement,#CSO2_ACHIVEMENT_NAME_157,ach_157,"""G3SG1 전문가""",,,
158,Profile_Icon,Achievement,#CSO2_ACHIVEMENT_NAME_158,ach_158,"""M249 초심자""",,,
159,Profile_Icon,Achievement,#CSO2_ACHIVEMENT_NAME_159,ach_159,"""M249 숙련자""",,,
160,Profile_Icon,Achievement,#CSO2_ACHIVEMENT_NAME_160,ach_160,"""M249 전문가""",,,
161,Profile_Icon,Achievement,#CSO2_ACHIVEMENT_NAME_161,ach_161,"""AWP 초심자""",,,
162,Profile_Icon,Achievement,#CSO2_ACHIVEMENT_NAME_162,ach_162,"""AWP 숙련자""",,,
163,Profile_Icon,Achievement,#CSO2_ACHIVEMENT_NAME_163,ach_163,"""AWP 전문가""",,,
164,Profile_Icon,Achievement,#CSO2_ACHIVEMENT_NAME_164,ach_164,"""SCOUT 초심자""",,,
165,Profile_Icon,Achievement,#CSO2_ACHIVEMENT_NAME_165,ach_165,"""SCOUT 숙련자""",,,
166,Profile_Icon,Achievement,#CSO2_ACHIVEMENT_NAME_166,ach_166,"""SCOUT 전문가""",,,
167,Profile_Icon,Achievement,#CSO2_ACHIVEMENT_NAME_167,ach_167,"""MP5N 초심자""",,,
168,Profile_Icon,Achievement,#CSO2_ACHIVEMENT_NAME_168,ach_168,"""MP5N 숙련자""",,,
169,Profile_Icon,Achievement,#CSO2_ACHIVEMENT_NAME_169,ach_169,"""MP5N 전문가""",,,
170,Profile_Icon,Achievement,#CSO2_ACHIVEMENT_NAME_170,ach_170,"""UMP45 초심자""",,,
171,Profile_Icon,Achievement,#CSO2_ACHIVEMENT_NAME_171,ach_171,"""UMP45 숙련자""",,,
172,Profile_Icon,Achievement,#CSO2_ACHIVEMENT_NAME_172,ach_172,"""UMP45 전문가""",,,
173,Profile_Icon,Achievement,#CSO2_ACHIVEMENT_NAME_173,ach_173,"""P90 초심자""",,,
174,Profile_Icon,Achievement,#CSO2_ACHIVEMENT_NAME_174,ach_174,"""P90 숙련자""",,,
175,Profile_Icon,Achievement,#CSO2_ACHIVEMENT_NAME_175,ach_175,"""P90 전문가""",,,
176,Profile_Icon,Achievement,#CSO2_ACHIVEMENT_NAME_176,ach_176,"""TMP 초심자""",,,
177,Profile_Icon,Achievement,#CSO2_ACHIVEMENT_NAME_177,ach_177,"""TMP 숙련자""",,,
178,Profile_Icon,Achievement,#CSO2_ACHIVEMENT_NAME_178,ach_178,"""TMP 전문가""",,,
179,Profile_Icon,Achievement,#CSO2_ACHIVEMENT_NAME_179,ach_179,"""MAC10 초심자""",,,
180,Profile_Icon,Achievement,#CSO2_ACHIVEMENT_NAME_180,ach_180,"""MAC10 숙련자""",,,
181,Profile_Icon,Achievement,#CSO2_ACHIVEMENT_NAME_181,ach_181,"""MAC10 전문가""",,,
182,Profile_Icon,Achievement,#CSO2_ACHIVEMENT_NAME_182,ach_182,"""권총의 달인""",,,
183,Profile_Icon,Achievement,#CSO2_ACHIVEMENT_NAME_183,ach_183,"""기관단총의 달인""",,,
184,Profile_Icon,Achievement,#CSO2_ACHIVEMENT_NAME_184,ach_184,"""돌격소총의 달인""",,,
185,Profile_Icon,Achievement,#CSO2_ACHIVEMENT_NAME_185,ach_185,"""저격소총의 달인""",,,
186,Profile_Icon,Achievement,#CSO2_ACHIVEMENT_NAME_186,ach_186,"""중화기의 달인""",,,
187,Profile_Icon,Achievement,#CSO2_ACHIVEMENT_NAME_187,ach_187,"""친구 따라 강남 간다""",,,
188,Profile_Icon,Achievement,#CSO2_ACHIVEMENT_NAME_188,ach_188,"""친구 따러 강남 간다""",,,
189,Profile_Icon,Achievement,#CSO2_ACHIVEMENT_NAME_189,ach_189,"""관찰자""",,,
190,Profile_Icon,Achievement,#CSO2_ACHIVEMENT_NAME_190,ach_190,"""패셔니스타""",,,
191,Profile_Icon,Achievement,#CSO2_ACHIVEMENT_NAME_191,ach_191,"""인기인""",,,
192,Profile_Icon,Achievement,#CSO2_ACHIVEMENT_NAME_192,ach_192,"""애인 생겼어요""",,,
193,Profile_Icon,Achievement,#CSO2_ACHIVEMENT_NAME_193,ach_193,피로물든 평화의 상징,,,
194,Profile_Icon,Achievement,#CSO2_ACHIVEMENT_NAME_194,ach_194,편식하지 맙시다,,,
195,Profile_Icon,Achievement,#CSO2_ACHIVEMENT_NAME_195,ach_195,빅시티 명예시민,,,
196,Profile_Icon,Achievement,#CSO2_ACHIVEMENT_NAME_196,ach_196,MP7 초심자,,,
197,Profile_Icon,Achievement,#CSO2_ACHIVEMENT_NAME_197,ach_197,MP7 숙련자,,,
198,Profile_Icon,Achievement,#CSO2_ACHIVEMENT_NAME_198,ach_198,MP7 전문가,,,
199,Profile_Icon,Achievement,#CSO2_ACHIVEMENT_NAME_199,ach_199,오피스 맵 베테랑,,,
200,Profile_Icon,Achievement,#CSO2_ACHIVEMENT_NAME_200,ach_200,어썰트 맵 베테랑,,,
201,Profile_Icon,Achievement,#CSO2_ACHIVEMENT_NAME_201,ach_201,STRIKER12 초심자,,,
202,Profile_Icon,Achievement,#CSO2_ACHIVEMENT_NAME_202,ach_202,STRIKER12 숙련자,,,
203,Profile_Icon,Achievement,#CSO2_ACHIVEMENT_NAME_203,ach_203,STRIKER12 전문가,,,
204,Profile_Icon,Achievement,#CSO2_ACHIVEMENT_NAME_204,ach_204,FAL 초심자,,,
205,Profile_Icon,Achievement,#CSO2_ACHIVEMENT_NAME_205,ach_205,FAL 숙련자,,,
206,Profile_Icon,Achievement,#CSO2_ACHIVEMENT_NAME_206,ach_206,FAL 전문가,,,
207,Profile_Icon,Achievement,#CSO2_ACHIVEMENT_NAME_207,ach_207,FNC 초심자,,,
208,Profile_Icon,Achievement,#CSO2_ACHIVEMENT_NAME_208,ach_208,FNC 숙련자,,,
209,Profile_Icon,Achievement,#CSO2_ACHIVEMENT_NAME_209,ach_209,FNC 전문가,,,
210,Profile_Icon,Achievement,#CSO2_ACHIVEMENT_NAME_210,ach_210,F2000 초심자,,,
211,Profile_Icon,Achievement,#CSO2_ACHIVEMENT_NAME_211,ach_211,F2000 숙련자,,,
212,Profile_Icon,Achievement,#CSO2_ACHIVEMENT_NAME_212,ach_212,F2000 전문가,,,
213,Profile_Icon,Achievement,#CSO2_ACHIVEMENT_NAME_213,ach_213,SCAR-H 초심자,,,
214,Profile_Icon,Achievement,#CSO2_ACHIVEMENT_NAME_214,ach_214,SCAR-H 숙련자,,,
215,Profile_Icon,Achievement,#CSO2_ACHIVEMENT_NAME_215,ach_215,SCAR-H 전문가,,,
216,Profile_Icon,Achievement,#CSO2_ACHIVEMENT_NAME_216,ach_216,아쿠아리움 맵 100회 플레이 ,,,
217,Profile_Icon,Achievement,#CSO2_ACHIVEMENT_NAME_217,ach_217,아나콘다 초심자,,,
218,Profile_Icon,Achievement,#CSO2_ACHIVEMENT_NAME_218,ach_218,아나콘다 숙련자,,,
219,Profile_Icon,Achievement,#CSO2_ACHIVEMENT_NAME_219,ach_219,아나콘다 전문가,,,
220,Profile_Icon,Achievement,#CSO2_ACHIVEMENT_NAME_220,ach_220,DR200 초심자,,,
221,Profile_Icon,Achievement,#CSO2_ACHIVEMENT_NAME_221,ach_221,DR200 숙련자,,,
222,Profile_Icon,Achievement,#CSO2_ACHIVEMENT_NAME_222,ach_222,DR200 전문가,,,
223,Profile_Icon,Achievement,#CSO2_ACHIVEMENT_NAME_223,ach_223,돼지모드마스터,,,
224,Profile_Icon,Achievement,#CSO2_ACHIVEMENT_NAME_224,ach_224,꿀꿀~(돼지변신 100회),,,
225,Profile_Icon,Achievement,#CSO2_ACHIVEMENT_NAME_225,ach_225,도축업자(돼지사살 100회),,,
226,Profile_Icon,Achievement,#CSO2_ACHIVEMENT_NAME_226,ach_226,동족상잔의 비극(돼지가 돼지 사살 10회),,,
227,Profile_Icon,Achievement,#CSO2_ACHIVEMENT_NAME_227,ach_227,M60E4 초심자,,,
228,Profile_Icon,Achievement,#CSO2_ACHIVEMENT_NAME_228,ach_228,M60E4 숙련자,,,
229,Profile_Icon,Achievement,#CSO2_ACHIVEMENT_NAME_229,ach_229,M60E4 전문가,,,
230,Profile_Icon,Achievement,#CSO2_ACHIVEMENT_NAME_230,ach_230,Beretta MX4 Storm 초심자,,,
231,Profile_Icon,Achievement,#CSO2_ACHIVEMENT_NAME_231,ach_231,Beretta MX4 Storm 숙련자,,,
232,Profile_Icon,Achievement,#CSO2_ACHIVEMENT_NAME_232,ach_232,Beretta MX4 Storm 전문가,,,
233,Profile_Icon,Achievement,#CSO2_ACHIVEMENT_NAME_233,ach_233,위대한첫걸음,,,
234,Profile_Icon,Achievement,#CSO2_ACHIVEMENT_NAME_234,ach_234,밴티지 맵 베테랑,,,
235,Profile_Icon,Achievement,#CSO2_ACHIVEMENT_NAME_235,ach_235,AR-57 PDW 초심자,,,
236,Profile_Icon,Achievement,#CSO2_ACHIVEMENT_NAME_236,ach_236,AR-57 PDW 숙련자,,,
237,Profile_Icon,Achievement,#CSO2_ACHIVEMENT_NAME_237,ach_237,AR-57 PDW 전문가,,,
238,Profile_Icon,Achievement,#CSO2_ACHIVEMENT_NAME_238,ach_238,KRISS Vector 초심자,,,
239,Profile_Icon,Achievement,#CSO2_ACHIVEMENT_NAME_239,ach_239,KRISS Vector 숙련자,,,
240,Profile_Icon,Achievement,#CSO2_ACHIVEMENT_NAME_240,ach_240,KRISS Vector 전문가,,,
241,Profile_Icon,Achievement,#CSO2_ACHIVEMENT_NAME_241,ach_241,크리스마스 이벤트 01 : 솔로라도 외롭지 않자나,,,
242,Profile_Icon,Achievement,#CSO2_ACHIVEMENT_NAME_242,ach_242,크리스마스 이벤트 02 : 크리스마스의 악몽 10회,,,
243,Profile_Icon,Achievement,#CSO2_ACHIVEMENT_NAME_243,ach_243,AEK-971 초심자,,,
244,Profile_Icon,Achievement,#CSO2_ACHIVEMENT_NAME_244,ach_244,AEK-971 숙련자,,,
245,Profile_Icon,Achievement,#CSO2_ACHIVEMENT_NAME_245,ach_245,AEK-971 전문가,,,
246,Profile_Icon,Achievement,#CSO2_ACHIVEMENT_NAME_246,ach_246,SCAR-L 초심자,,,
247,Profile_Icon,Achievement,#CSO2_ACHIVEMENT_NAME_247,ach_247,SCAR-L 숙련자,,,
248,Profile_Icon,Achievement,#CSO2_ACHIVEMENT_NAME_248,ach_248,SCAR-L 전문가,,,
249,Profile_Icon,Achievement,#CSO2_ACHIVEMENT_NAME_249,ach_249,코블 맵 베테랑,,,
250,Profile_Icon,Achievement,#CSO2_ACHIVEMENT_NAME_250,ach_250,스페셜모드 마스터,,,
251,Profile_Icon,Achievement,#CSO2_ACHIVEMENT_NAME_251,ach_251,고철처리의 장인,,,
252,Profile_Icon,Achievement,#CSO2_ACHIVEMENT_NAME_252,ach_252,고철처리 사업가,,,
253,Profile_Icon,Achievement,#CSO2_ACHIVEMENT_NAME_253,ach_253,고철처리 기업ㄷ표,,,
254,Profile_Icon,Achievement,#CSO2_ACHIVEMENT_NAME_254,ach_254,이건 시작에 불과해,,,
255,Profile_Icon,Achievement,#CSO2_ACHIVEMENT_NAME_255,ach_255,실패는 성공의 어머니,,,
256,Profile_Icon,Achievement,#CSO2_ACHIVEMENT_NAME_256,ach_256,T65K1 초심자,,,
257,Profile_Icon,Achievement,#CSO2_ACHIVEMENT_NAME_257,ach_257,T65K1 숙련자,,,
258,Profile_Icon,Achievement,#CSO2_ACHIVEMENT_NAME_258,ach_258,T65K1 전문가,,,
259,Profile_Icon,Achievement,#CSO2_ACHIVEMENT_NAME_259,ach_259,T86 초심자,,,
260,Profile_Icon,Achievement,#CSO2_ACHIVEMENT_NAME_260,ach_260,T86 숙련자,,,
261,Profile_Icon,Achievement,#CSO2_ACHIVEMENT_NAME_261,ach_261,T86 전문가,,,
262,Profile_Icon,Achievement,#CSO2_ACHIVEMENT_NAME_262,ach_262,듀얼 모드 마스터,,,
263,Profile_Icon,Achievement,#CSO2_ACHIVEMENT_NAME_263,ach_263,다이너 맵 베테랑,,,
264,Profile_Icon,Achievement,#CSO2_ACHIVEMENT_NAME_264,ach_264,듀얼 모드에서 0데스로 승리,,,
265,Profile_Icon,Achievement,#CSO2_ACHIVEMENT_NAME_265,ach_265,듀얼 모드 적 사살 100회,,,
266,Profile_Icon,Achievement,#CSO2_ACHIVEMENT_NAME_266,ach_266,누르고 튀어,,,
267,Profile_Icon,Achievement,#CSO2_ACHIVEMENT_NAME_267,ach_267,AWP 스페셜 초심자,,,
268,Profile_Icon,Achievement,#CSO2_ACHIVEMENT_NAME_268,ach_268,AWP 스페셜 숙련자,,,
269,Profile_Icon,Achievement,#CSO2_ACHIVEMENT_NAME_269,ach_269,AWP 스페셜 전문가,,,
270,Profile_Icon,Achievement,#CSO2_ACHIVEMENT_NAME_270,ach_270,센터드맵 100회 플레이,,,
271,Profile_Icon,Achievement,#CSO2_ACHIVEMENT_NAME_271,ach_271,m4a1콜렉터,,,
272,Profile_Icon,Achievement,#CSO2_ACHIVEMENT_NAME_272,ach_272,ak47 콜렉터,,,
273,Profile_Icon,Achievement,#CSO2_ACHIVEMENT_NAME_273,ach_273,Bushmaster ACR 초심자,,,
274,Profile_Icon,Achievement,#CSO2_ACHIVEMENT_NAME_274,ach_274,Bushmaster ACR 숙련자,,,
275,Profile_Icon,Achievement,#CSO2_ACHIVEMENT_NAME_275,ach_275,Bushmaster ACR 전문가,,,
276,Profile_Icon,Achievement,#CSO2_ACHIVEMENT_NAME_276,ach_276,Izmash AK-12 초심자,,,
277,Profile_Icon,Achievement,#CSO2_ACHIVEMENT_NAME_277,ach_277,Izmash AK-12 숙련자,,,
278,Profile_Icon,Achievement,#CSO2_ACHIVEMENT_NAME_278,ach_278,Izmash AK-12 전문가,,,
279,Profile_Icon,Achievement,#CSO2_ACHIVEMENT_NAME_279,ach_279,SNL 좀비 22회,,,
280,Profile_Icon,Achievement,#CSO2_ACHIVEMENT_NAME_280,ach_280,좀비 커멘더 모드 100회 플레이,,,
281,Profile_Icon,Achievement,#CSO2_ACHIVEMENT_NAME_281,ach_281,트레인 야드 맵 100회 플레이,,,
282,Profile_Icon,Achievement,#CSO2_ACHIVEMENT_NAME_282,ach_282,좀비 100킬,,,
283,Profile_Icon,Achievement,#CSO2_ACHIVEMENT_NAME_283,ach_283,좀비 1000킬,,,
284,Profile_Icon,Achievement,#CSO2_ACHIVEMENT_NAME_284,ach_284,좀비 10000킬,,,
285,Profile_Icon,Achievement,#CSO2_ACHIVEMENT_NAME_285,ach_285,좀비 커멘더 인간 50킬,,,
286,Profile_Icon,Achievement,#CSO2_ACHIVEMENT_NAME_286,ach_286,좀비 커멘더 인간 100킬,,,
287,Profile_Icon,Achievement,#CSO2_ACHIVEMENT_NAME_287,ach_287,좀비 커멘더 인간 500킬,,,
288,Profile_Icon,Achievement,#CSO2_ACHIVEMENT_NAME_288,ach_288,한마리의 자폭 좀비로 인간 플레이어 5명 동시 사살,,,
289,Profile_Icon,Achievement,#CSO2_ACHIVEMENT_NAME_289,ach_292,m870 초심자,,,
290,Profile_Icon,Achievement,#CSO2_ACHIVEMENT_NAME_290,ach_293,m870 숙련자,,,
291,Profile_Icon,Achievement,#CSO2_ACHIVEMENT_NAME_291,ach_294,m870 전문가,,,
292,Profile_Icon,Achievement,#CSO2_ACHIVEMENT_NAME_292,ach_289,pkm 초심자,,,
293,Profile_Icon,Achievement,#CSO2_ACHIVEMENT_NAME_293,ach_290,pkm 숙련자,,,
294,Profile_Icon,Achievement,#CSO2_ACHIVEMENT_NAME_294,ach_291,pkm 전문가,,,
295,Profile_Icon,Achievement,#CSO2_ACHIVEMENT_NAME_295,ach_295,k5 초심자,,,
296,Profile_Icon,Achievement,#CSO2_ACHIVEMENT_NAME_296,ach_296,k5 숙련자,,,
297,Profile_Icon,Achievement,#CSO2_ACHIVEMENT_NAME_297,ach_297,k5 전문가,,,
298,Profile_Icon,Achievement,#CSO2_ACHIVEMENT_NAME_298,ach_298,k1 초심자,,,
299,Profile_Icon,Achievement,#CSO2_ACHIVEMENT_NAME_299,ach_299,k1 숙련자,,,
300,Profile_Icon,Achievement,#CSO2_ACHIVEMENT_NAME_300,ach_300,k1 전문가,,,
301,Profile_Icon,Achievement,#CSO2_ACHIVEMENT_NAME_301,ach_301,킬 하우스 맵 100회 플레이,,,
302,Profile_Icon,Achievement,#CSO2_ACHIVEMENT_NAME_302,ach_302,좀비 모드 100회 플레이,,,
303,Profile_Icon,Achievement,#CSO2_ACHIVEMENT_NAME_303,ach_303,좀비 모드 좀비 1킬,,,
304,Profile_Icon,Achievement,#CSO2_ACHIVEMENT_NAME_304,ach_304,좀비 모드 좀비 10킬,,,
305,Profile_Icon,Achievement,#CSO2_ACHIVEMENT_NAME_305,ach_305,좀비 모드 좀비 100킬,,,
306,Profile_Icon,Achievement,#CSO2_ACHIVEMENT_NAME_306,ach_306,좀비 모드 좀비 1000킬,,,
307,Profile_Icon,Achievement,#CSO2_ACHIVEMENT_NAME_307,ach_307,좀비 모드에서 인간 10명 감염,,,
308,Profile_Icon,Achievement,#CSO2_ACHIVEMENT_NAME_308,ach_308,좀비 모드에서 인간 100명 감염,,,
309,Profile_Icon,Achievement,#CSO2_ACHIVEMENT_NAME_309,ach_309,좀비 모드에서 인간 1000명 감염,,,
310,Profile_Icon,Achievement,#CSO2_ACHIVEMENT_NAME_310,ach_310,좀비 모드에서 인간 5000명 감염,,,
311,Profile_Icon,Achievement,#CSO2_ACHIVEMENT_NAME_311,ach_311,좀비모드에서 좀비가 10명 이상인 상태에서 혼자 인간으로 라운드 승리,,,
312,Profile_Icon,Achievement,#CSO2_ACHIVEMENT_NAME_312,ach_312,한 라운드에서 좀비 5킬,,,
313,Profile_Icon,Achievement,#CSO2_ACHIVEMENT_NAME_313,ach_313,수류탄으로 좀비 사살,,,
314,Profile_Icon,Achievement,#CSO2_ACHIVEMENT_NAME_314,ach_314,하수도 맵 100회 플레이,,,
315,Profile_Icon,Achievement,#CSO2_ACHIVEMENT_NAME_315,ach_315,아무 모드에서 1승(봇모드 전용업적),,,
316,Profile_Icon,Achievement,#CSO2_ACHIVEMENT_NAME_316,ach_316,C4 설치 1회(봇모드 전용업적),,,
317,Profile_Icon,Achievement,#CSO2_ACHIVEMENT_NAME_317,ach_317,C4 해체 1회(봇모드 전용업적),,,
318,Profile_Icon,Achievement,#CSO2_ACHIVEMENT_NAME_318,ach_318,C4 해체 중인 적 사살(봇모드 전용업적),,,
319,Profile_Icon,Achievement,#CSO2_ACHIVEMENT_NAME_319,ach_319,인질 1명 구출하기 (봇모드 전용업적),,,
320,Profile_Icon,Achievement,#CSO2_ACHIVEMENT_NAME_320,ach_320,퍼스트블러드 3회 기록(봇모드 전용업적),,,
321,Profile_Icon,Achievement,#CSO2_ACHIVEMENT_NAME_321,ach_321,트리플킬 1회 기록(봇모드 전용업적),,,
322,Profile_Icon,Achievement,#CSO2_ACHIVEMENT_NAME_322,ach_322,10명의 적 사살(봇모드 전용업적),,,
323,Profile_Icon,Achievement,#CSO2_ACHIVEMENT_NAME_323,ach_323,어시스트 100회 기록(봇모드 전용업적),,,
324,Profile_Icon,Achievement,#CSO2_ACHIVEMENT_NAME_324,ach_324,헤드샷 3회 기록(봇모드 전용업적),,,
325,Profile_Icon,Achievement,#CSO2_ACHIVEMENT_NAME_325,ach_325,근접무기로 첫 사살 기록(봇모드 전용업적),,,
326,Profile_Icon,Achievement,#CSO2_ACHIVEMENT_NAME_326,ach_326,수류탄으로 첫 사살 기록(봇모드 전용업적),,,
327,Profile_Icon,Achievement,#CSO2_ACHIVEMENT_NAME_327,ach_327,무기에 소음기를 장착해서 적 1회 사살(봇모드 전용업적),,,
328,Profile_Icon,Achievement,#CSO2_ACHIVEMENT_NAME_328,ach_328,게임플레이횟수 10회(봇모드 전용업적),,,
329,Profile_Icon,Achievement,#CSO2_ACHIVEMENT_NAME_329,ach_329,아무 모드에서 10승(봇모드 전용업적),,,
330,Profile_Icon,Achievement,#CSO2_ACHIVEMENT_NAME_330,ach_330,LEVEL 8 달성,,,
331,Profile_Icon,Achievement,#CSO2_ACHIVEMENT_NAME_331,ach_331,KAD 최초 1.1 이상달성(LV 5이상),,,
332,Profile_Icon,Achievement,#CSO2_ACHIVEMENT_NAME_332,ach_332,누적스코어 1단계 도달,,,
333,Profile_Icon,Achievement,#CSO2_ACHIVEMENT_NAME_333,ach_333,누적스코어 2단계 도달,,,
334,Profile_Icon,Achievement,#CSO2_ACHIVEMENT_NAME_334,ach_334,누적스코어 3단계 도달,,,
335,Profile_Icon,Achievement,#CSO2_ACHIVEMENT_NAME_335,ach_335,누적스코어 4단계 도달,,,
336,Profile_Icon,Achievement,#CSO2_ACHIVEMENT_NAME_336,ach_336,숨바꼭질의 달인,,,
337,Profile_Icon,Achievement,#CSO2_ACHIVEMENT_NAME_337,ach_337,시장 술래마스터,,,
338,Profile_Icon,Achievement,#CSO2_ACHIVEMENT_NAME_338,ach_338,"""하이랜드 맵  베테랑""",,,
339,Profile_Icon,Achievement,#CSO2_ACHIVEMENT_NAME_339,ach_339,따봉갯수 누적 100개 달성,,,
340,Profile_Icon,Achievement,#CSO2_ACHIVEMENT_NAME_340,ach_340,따봉갯수 누적 300개 달성,,,
341,Profile_Icon,Achievement,#CSO2_ACHIVEMENT_NAME_341,ach_341,따봉갯수 누적 1000개 달성,,,
342,Profile_Icon,Achievement,#CSO2_ACHIVEMENT_NAME_342,ach_342,골든따봉 개수 누적 10개 달성,,,
343,Profile_Icon,Achievement,#CSO2_ACHIVEMENT_NAME_343,ach_343,골든따봉 개수 누적 30개 달성,,,
344,Profile_Icon,Achievement,#CSO2_ACHIVEMENT_NAME_344,ach_344,골든따봉 개수 누적 100개 달성,,,
345,Profile_Icon,Achievement,#CSO2_ACHIVEMENT_NAME_345,ach_345,나무A로 하프타임만큼 생존,,,
346,Profile_Icon,Achievement,#CSO2_ACHIVEMENT_NAME_346,ach_346,말동상으로 하프타임만큼 생존,,,
347,Profile_Icon,Achievement,#CSO2_ACHIVEMENT_NAME_347,ach_347,보디가드로 하프타임만큼 생존,,,
348,Profile_Icon,Achievement,#CSO2_ACHIVEMENT_NAME_348,ach_348,닭으로 하프타임만큼 생존,,,
349,Profile_Icon,Achievement,#CSO2_ACHIVEMENT_NAME_349,ach_349,똑같은 프랍으로 3번 연속 변신하기,,,
350,Profile_Icon,Achievement,#CSO2_ACHIVEMENT_NAME_350,ach_350,HP가 10이하인 상태에서 사물을 처치,,,
351,Profile_Icon,Achievement,#CSO2_ACHIVEMENT_NAME_351,ach_351,사물로 변신해서 모든 라운드를 끝까지 살아남았을 때,,,
352,Profile_Icon,Achievement,#CSO2_ACHIVEMENT_NAME_352,ach_352,화물선 맵 베테랑,,,
353,Profile_Icon,Achievement,#CSO2_ACHIVEMENT_NAME_353,ach_353,코너 맵 베테랑,,,
354,Profile_Icon,Achievement,#CSO2_ACHIVEMENT_NAME_354,ach_354,부활의 전사,캠페인5  클리어,,
355,Profile_Icon,Achievement,#CSO2_ACHIVEMENT_NAME_355,ach_355,해병대 출신입니다.,귀신사살 10회,,
356,Profile_Icon,Achievement,#CSO2_ACHIVEMENT_NAME_356,ach_356,퇴마사로 전직했습니다.,귀신사살 100회,,
357,Profile_Icon,Achievement,#CSO2_ACHIVEMENT_NAME_357,ach_357,교황청에서 나왔습니다.,귀신사살 500회,,
358,Profile_Icon,Achievement,#CSO2_ACHIVEMENT_NAME_358,ach_358,전설의 고향,귀신으로 인간사살 10회,,
359,Profile_Icon,Achievement,#CSO2_ACHIVEMENT_NAME_359,ach_359,월하의 공동묘지 ,귀신으로 인간사살 100회,,
360,Profile_Icon,Achievement,#CSO2_ACHIVEMENT_NAME_360,ach_360,지옥으로 가는 급행열차,귀신으로 인간사살 500회,,
361,Profile_Icon,Achievement,#CSO2_ACHIVEMENT_NAME_361,ach_361,나만 죽을 순 없지,귀신으로 한 라운드에 5명의 인간사살,,
362,Profile_Icon,Achievement,#CSO2_ACHIVEMENT_NAME_362,ach_362,귀신에게 자비란 없다,인간으로 한 라운드에 5명의 귀신 사살,,
363,Profile_Icon,Achievement,#CSO2_ACHIVEMENT_NAME_363,ach_363,성수가 담긴 폭탄,수류탄으로 귀신 사살,,
364,Profile_Icon,Achievement,#CSO2_ACHIVEMENT_NAME_364,ach_364,성스러운 칼,근접무기로 귀신사살,,
365,Profile_Icon,Achievement,#CSO2_ACHIVEMENT_NAME_365,ach_365,날개 잃은 귀신,귀신으로 날지 않고 인간사살,,
366,Profile_Icon,Achievement,#CSO2_ACHIVEMENT_NAME_366,ach_366,나홀로 맵에2,인간인 상태로 귀신이 10명 이상일 때 혼자 인간으로 살아남아 라운드 승리,,
367,Profile_Icon,Achievement,#CSO2_ACHIVEMENT_NAME_367,ach_367,귀신모드 마스터,귀신모드 100회,,
368,Profile_Icon,Achievement,#CSO2_ACHIVEMENT_NAME_368,ach_368,스튜디오맵 베테랑,,,
369,Profile_Icon,Achievement,#CSO2_ACHIVEMENT_NAME_369,ach_369,stoger double defence 초심자,,,
370,Profile_Icon,Achievement,#CSO2_ACHIVEMENT_NAME_370,ach_370,stoger double defence 숙련자,,,
371,Profile_Icon,Achievement,#CSO2_ACHIVEMENT_NAME_371,ach_371,stoger double defence 전문가,,,
372,Profile_Icon,Achievement,#CSO2_ACHIVEMENT_NAME_372,ach_372,숨바꼭질의 제왕,,,
373,Profile_Icon,Achievement,#CSO2_ACHIVEMENT_NAME_373,ach_373,숨바꼭질의 신,,,
374,Profile_Icon,Achievement,#CSO2_ACHIVEMENT_NAME_374,ach_374,아쿠아리움 술래마스터,,,
375,Profile_Icon,Achievement,#CSO2_ACHIVEMENT_NAME_375,ach_375,오피스 술래마스터,,,
376,Profile_Icon,Achievement,#CSO2_ACHIVEMENT_NAME_376,ach_376,밴티지 술래마스터,,,
377,Profile_Icon,Achievement,#CSO2_ACHIVEMENT_NAME_377,ach_377,코블 술래마스터,,,
378,Profile_Icon,Achievement,#CSO2_ACHIVEMENT_NAME_378,ach_378,밀리샤 술래마스터,,,
379,Profile_Icon,Achievement,#CSO2_ACHIVEMENT_NAME_379,ach_379,어썰트 술래마스터,,,
380,Profile_Icon,Achievement,#CSO2_ACHIVEMENT_NAME_380,ach_380,인페르노 술래마스터,,,
381,Profile_Icon,Achievement,#CSO2_ACHIVEMENT_NAME_381,ach_381,코너 술래마스터,,,
382,Profile_Icon,Achievement,#CSO2_ACHIVEMENT_NAME_382,ach_382,하이랜드 술래마스터,,,
383,Profile_Icon,Achievement,#CSO2_ACHIVEMENT_NAME_383,ach_383,스튜디오 술래마스터,,,
384,Profile_Icon,Achievement,#CSO2_ACHIVEMENT_NAME_384,ach_384,페스티벌 술래마스터,,,
385,Profile_Icon,Achievement,#CSO2_ACHIVEMENT_NAME_385,ach_385,발바닥에 땀나도록,돼지 술래잡기 모드에서 인간으로 라운드 생존 1회,,
386,Profile_Icon,Achievement,#CSO2_ACHIVEMENT_NAME_386,ach_386,빛처럼 빠른 발,돼지 술래잡기 모드에서 인간으로 라운드 생존 10회,,
387,Profile_Icon,Achievement,#CSO2_ACHIVEMENT_NAME_387,ach_387,신기루,돼지 술래잡기 모드에서 인간으로 라운드 생존 100회,,
388,Profile_Icon,Achievement,#CSO2_ACHIVEMENT_NAME_388,ach_388,돼지들의 침묵,돼지 술래잡기 모드에서 돼지가 10마리 이상일 때 인간으로 혼자 살아남아 라운드 승리,,
389,Profile_Icon,Achievement,#CSO2_ACHIVEMENT_NAME_389,ach_389,추적자 돼지,돼지 술래잡기 모드에서 돼지로 인간 10명 처치하기,,
390,Profile_Icon,Achievement,#CSO2_ACHIVEMENT_NAME_390,ach_390,사냥꾼 돼지,돼지 술래잡기 모드에서 돼지로 인간 100명 처치하기,,
391,Profile_Icon,Achievement,#CSO2_ACHIVEMENT_NAME_391,ach_391,추노꾼 돼지,돼지 술래잡기 모드에서 돼지로 인간 1000명 처치하기,,
392,Profile_Icon,Achievement,#CSO2_ACHIVEMENT_NAME_392,ach_392,오겹살의 탄생,돼지 술래잡기 모드에서 돼지로 한 라운드에 5명의 인간을 처치하기,,
393,Profile_Icon,Achievement,#CSO2_ACHIVEMENT_NAME_393,ach_393,돼지 술래잡기 마스터,돼지 술래잡기 모드 100회 플레이,,
394,Profile_Icon,Achievement,#CSO2_ACHIVEMENT_NAME_394,ach_394,G3KA4 초심자,,,
395,Profile_Icon,Achievement,#CSO2_ACHIVEMENT_NAME_395,ach_395,G3KA4 숙련자,,,
396,Profile_Icon,Achievement,#CSO2_ACHIVEMENT_NAME_396,ach_396,G3KA4 전문가,,,
397,Profile_Icon,Achievement,#CSO2_ACHIVEMENT_NAME_397,ach_397,좀비보스 해결사,,,
398,Profile_Icon,Achievement,#CSO2_ACHIVEMENT_NAME_398,ach_398,좀비보스 처단자,,,
399,Profile_Icon,Achievement,#CSO2_ACHIVEMENT_NAME_399,ach_399,좀비보스 슬레이어,,,
400,Profile_Icon,Achievement,#CSO2_ACHIVEMENT_NAME_400,ach_400,최선의 방어는 공격이다,,,
401,Profile_Icon,Achievement,#CSO2_ACHIVEMENT_NAME_401,ach_401,좀비는 썰어야 제맛,,,
402,Profile_Icon,Achievement,#CSO2_ACHIVEMENT_NAME_402,ach_402,체력이 국력,,,
403,Profile_Icon,Achievement,#CSO2_ACHIVEMENT_NAME_403,ach_403,사실 난 뱀파이어였어,,,
404,Profile_Icon,Achievement,#CSO2_ACHIVEMENT_NAME_404,ach_404,마르지 않는 샘물,,,
405,Profile_Icon,Achievement,#CSO2_ACHIVEMENT_NAME_405,ach_405,손에 피안뭍히는 유일한 방법,,,
406,Profile_Icon,Achievement,#CSO2_ACHIVEMENT_NAME_406,ach_406,너를 위해 다음스테이지를 준비할게,,,
407,Profile_Icon,Achievement,#CSO2_ACHIVEMENT_NAME_407,ach_407,살아남은 최후의 5인,,,
408,Profile_Icon,Achievement,#CSO2_ACHIVEMENT_NAME_408,ach_408,조만간 무기가 필요없겠네,,,
409,Profile_Icon,Achievement,#CSO2_ACHIVEMENT_NAME_409,ach_409,말살하라 말살하라,,,
410,Profile_Icon,Achievement,#CSO2_ACHIVEMENT_NAME_410,ach_410,최강의 팀,,,
411,Profile_Icon,Achievement,#CSO2_ACHIVEMENT_NAME_411,ach_411,생존자들,,,
412,Profile_Icon,Achievement,#CSO2_ACHIVEMENT_NAME_412,ach_412,생존전문가들,,,
413,Profile_Icon,Achievement,#CSO2_ACHIVEMENT_NAME_413,ach_413,박물관 맵 베테랑,박물관 맵 100회 플레이,,
414,Profile_Icon,Achievement,#CSO2_ACHIVEMENT_NAME_414,ach_414,G36K 초심자,,,
415,Profile_Icon,Achievement,#CSO2_ACHIVEMENT_NAME_415,ach_415,G36K 숙련자,,,
416,Profile_Icon,Achievement,#CSO2_ACHIVEMENT_NAME_416,ach_416,G36K 전문가,,,
417,Profile_Icon,Achievement,#CSO2_ACHIVEMENT_NAME_417,ach_417,좀비하우스 마스터,,,
418,Profile_Icon,Achievement,#CSO2_ACHIVEMENT_NAME_418,ach_418,신속배달,,,
419,Profile_Icon,Achievement,#CSO2_ACHIVEMENT_NAME_419,ach_419,배달의 달인,,,
420,Profile_Icon,Achievement,#CSO2_ACHIVEMENT_NAME_420,ach_420,순간접착제,,,
421,Profile_Icon,Achievement,#CSO2_ACHIVEMENT_NAME_421,ach_421,못질의 달인,,,
422,Profile_Icon,Achievement,#CSO2_ACHIVEMENT_NAME_422,ach_422,철거반장,,,
423,Profile_Icon,Achievement,#CSO2_ACHIVEMENT_NAME_423,ach_423,철거의 달인,,,
424,Profile_Icon,Achievement,#CSO2_ACHIVEMENT_NAME_424,ach_424,MG3 초심자,,,
425,Profile_Icon,Achievement,#CSO2_ACHIVEMENT_NAME_425,ach_425,MG3 숙련자,,,
426,Profile_Icon,Achievement,#CSO2_ACHIVEMENT_NAME_426,ach_426,MG3 전문가,,,
427,Profile_Icon,Achievement,#CSO2_ACHIVEMENT_NAME_427,ach_427,TRG42 초심자,,,
428,Profile_Icon,Achievement,#CSO2_ACHIVEMENT_NAME_428,ach_428,TRG42 숙련자,,,
429,Profile_Icon,Achievement,#CSO2_ACHIVEMENT_NAME_429,ach_429,TRG42 전문가,,,
430,Profile_Icon,Achievement,#CSO2_ACHIVEMENT_NAME_430,ach_430,타이드 맵 베테랑,,,
431,Profile_Icon,Achievement,#CSO2_ACHIVEMENT_NAME_431,ach_431,이스테이트 맵 베테랑,,,
432,Profile_Icon,Achievement,#CSO2_ACHIVEMENT_NAME_432,ach_432,전장 레시피 10선,,,
433,Profile_Icon,Achievement,#CSO2_ACHIVEMENT_NAME_433,ach_433,무기고를 부탁해,,,
434,Profile_Icon,Achievement,#CSO2_ACHIVEMENT_NAME_434,ach_434,조합의 연구는 끝이 없구나,,,
435,Profile_Icon,Achievement,#CSO2_ACHIVEMENT_NAME_435,ach_435,은둔 요원,,,
436,Profile_Icon,Achievement,#CSO2_ACHIVEMENT_NAME_436,ach_436,은신 전문가,,,
437,Profile_Icon,Achievement,#CSO2_ACHIVEMENT_NAME_437,ach_437,나를 찾지 말아요,,,
438,Profile_Icon,Achievement,#CSO2_ACHIVEMENT_NAME_438,ach_438,은신의 조력자,,,
439,Profile_Icon,Achievement,#CSO2_ACHIVEMENT_NAME_439,ach_439,면역력을 기르자,,,
440,Profile_Icon,Achievement,#CSO2_ACHIVEMENT_NAME_440,ach_440,낡은 기록 매체,,,
441,Profile_Icon,Achievement,#CSO2_ACHIVEMENT_NAME_441,ach_441,짜릿한 탈출,,,
442,Profile_Icon,Achievement,#CSO2_ACHIVEMENT_NAME_442,ach_442,짜릿한 헌팅,,,
443,Profile_Icon,Achievement,#CSO2_ACHIVEMENT_NAME_443,ach_443,짜릿한 구출,,,
444,Profile_Icon,Achievement,#CSO2_ACHIVEMENT_NAME_444,ach_444,발전량 120%,,,
445,Profile_Icon,Achievement,#CSO2_ACHIVEMENT_NAME_445,ach_445,테슬라 해결사,,,
446,Profile_Icon,Achievement,#CSO2_ACHIVEMENT_NAME_446,ach_446,테슬라 처단자,,,
447,Profile_Icon,Achievement,#CSO2_ACHIVEMENT_NAME_447,ach_447,테슬라 슬레이어,,,
448,Profile_Icon,Achievement,#CSO2_ACHIVEMENT_NAME_448,ach_448,불사조들,,,
449,Profile_Icon,Achievement,#CSO2_ACHIVEMENT_NAME_449,ach_449,첨단 기술자,,,
450,Profile_Icon,Achievement,#CSO2_ACHIVEMENT_NAME_450,ach_450,신기술 연구원,,,
451,Profile_Icon,Achievement,#CSO2_ACHIVEMENT_NAME_451,ach_451,하이테크 첩보원,,,
452,Profile_Icon,Achievement,#CSO2_ACHIVEMENT_NAME_452,ach_452,더스트 맵 베테랑,,,
453,Profile_Icon,Achievement,#CSO2_ACHIVEMENT_NAME_453,ach_453,k2c 초심자,,,
454,Profile_Icon,Achievement,#CSO2_ACHIVEMENT_NAME_454,ach_454,k2c 숙련자,,,
455,Profile_Icon,Achievement,#CSO2_ACHIVEMENT_NAME_455,ach_455,k2c 전문가,,,
456,Profile_Icon,Achievement,#CSO2_ACHIVEMENT_NAME_456,ach_456,토스카 맵 베테랑,,,
457,Profile_Icon,Achievement,#CSO2_ACHIVEMENT_NAME_457,ach_457,듀얼 더스트 맵 베테랑,,,
458,Profile_Icon,Achievement,#CSO2_ACHIVEMENT_NAME_458,ach_458,서바이벌 맵 베테랑,,,
459,Profile_Icon,Achievement,#CSO2_ACHIVEMENT_NAME_459,ach_459,MK23 socom 초심자,,,
460,Profile_Icon,Achievement,#CSO2_ACHIVEMENT_NAME_460,ach_460,MK23 socom 숙련자,,,
461,Profile_Icon,Achievement,#CSO2_ACHIVEMENT_NAME_461,ach_461,MK23 socom 전문가,,,
462,Profile_Icon,Achievement,#CSO2_ACHIVEMENT_NAME_462,ach_462,qsz92 초심자,,,
463,Profile_Icon,Achievement,#CSO2_ACHIVEMENT_NAME_463,ach_463,qsz92 숙련자,,,
464,Profile_Icon,Achievement,#CSO2_ACHIVEMENT_NAME_464,ach_464,qsz92 전문가,,,
465,Profile_Icon,Achievement,#CSO2_ACHIVEMENT_NAME_465,ach_465,qbs09 초심자,,,
466,Profile_Icon,Achievement,#CSO2_ACHIVEMENT_NAME_466,ach_466,qbs09 숙련자,,,
467,Profile_Icon,Achievement,#CSO2_ACHIVEMENT_NAME_467,ach_467,qbs09 전문가,,,
468,Profile_Icon,Achievement,#CSO2_ACHIVEMENT_NAME_468,ach_468,M1903A3 초심자,,,
469,Profile_Icon,Achievement,#CSO2_ACHIVEMENT_NAME_469,ach_469,M1903A3 숙련자,,,
470,Profile_Icon,Achievement,#CSO2_ACHIVEMENT_NAME_470,ach_470,M1903A3 전문가,,,
471,Profile_Icon,Achievement,#CSO2_ACHIVEMENT_NAME_471,ach_471,스톰 맵 베테랑,,,
472,Profile_Icon,Achievement,#CSO2_ACHIVEMENT_NAME_472,ach_472,M1 Garand 초심자,,,
473,Profile_Icon,Achievement,#CSO2_ACHIVEMENT_NAME_473,ach_473,M1 Garand 숙련자,,,
474,Profile_Icon,Achievement,#CSO2_ACHIVEMENT_NAME_474,ach_474,M1 Garand 전문가,,,
475,Profile_Icon,Achievement,#CSO2_ACHIVEMENT_NAME_475,ach_475,Radon MSBS-B 초심자,,,
476,Profile_Icon,Achievement,#CSO2_ACHIVEMENT_NAME_476,ach_476,Radon MSBS-B 숙련자,,,
477,Profile_Icon,Achievement,#CSO2_ACHIVEMENT_NAME_477,ach_477,Radon MSBS-B 전문가,,,
478,Profile_Icon,Achievement,#CSO2_ACHIVEMENT_NAME_478,ach_478,CS06 초심자,,,
479,Profile_Icon,Achievement,#CSO2_ACHIVEMENT_NAME_479,ach_479,CS06 숙련자,,,
480,Profile_Icon,Achievement,#CSO2_ACHIVEMENT_NAME_480,ach_480,CS06 전문가,,,
481,Profile_Icon,Achievement,#CSO2_ACHIVEMENT_NAME_481,ach_481,숨바꼭질2의 달인,,,
482,Profile_Icon,Achievement,#CSO2_ACHIVEMENT_NAME_482,ach_482,숨바꼭질2의 제왕,,,
483,Profile_Icon,Achievement,#CSO2_ACHIVEMENT_NAME_483,ach_483,숨바꼭질2의 신,,,
484,Profile_Icon,Achievement,#CSO2_ACHIVEMENT_NAME_484,ach_484,엑스맨 장피에르,,,
485,Profile_Icon,Achievement,#CSO2_ACHIVEMENT_NAME_485,ach_485,장갑차 같은 낯짝,,,
486,Profile_Icon,Achievement,#CSO2_ACHIVEMENT_NAME_486,ach_486,몸빵의 일인자,,,
487,Profile_Icon,Achievement,#CSO2_ACHIVEMENT_NAME_487,ach_487,알로하~,,,
488,Profile_Icon,Achievement,#CSO2_ACHIVEMENT_NAME_488,ach_488,m14 ebr 초심자,,,
489,Profile_Icon,Achievement,#CSO2_ACHIVEMENT_NAME_489,ach_489,m14 ebr 숙련자,,,
490,Profile_Icon,Achievement,#CSO2_ACHIVEMENT_NAME_490,ach_490,m14 ebr 전문가,,,
491,Profile_Icon,Achievement,#CSO2_ACHIVEMENT_NAME_491,ach_491,thunder 초심자,,,
492,Profile_Icon,Achievement,#CSO2_ACHIVEMENT_NAME_492,ach_492,thunder 숙련자,,,
493,Profile_Icon,Achievement,#CSO2_ACHIVEMENT_NAME_493,ach_493,thunder 전문가,,,
494,Profile_Icon,Achievement,#CSO2_ACHIVEMENT_NAME_494,ach_494,m99 초심자,,,
495,Profile_Icon,Achievement,#CSO2_ACHIVEMENT_NAME_495,ach_495,m99 숙련자,,,
496,Profile_Icon,Achievement,#CSO2_ACHIVEMENT_NAME_496,ach_496,m99 전문가,,,
497,Profile_Icon,Achievement,#CSO2_ACHIVEMENT_NAME_497,ach_497,건볼모드 100판 플레이,,,
498,Profile_Icon,Achievement,#CSO2_ACHIVEMENT_NAME_498,ach_498,건볼모드 500판 플레이,,,
499,Profile_Icon,Achievement,#CSO2_ACHIVEMENT_NAME_499,ach_499,건볼모드 1000판 플레이,,,
501,Profile_Icon,Achievement,#CSO2_ACHIVEMENT_NAME_501,ach_501,빅시티 시나리오서버 플레이 100시간,,,
502,Profile_Icon,Achievement,#CSO2_ACHIVEMENT_NAME_502,ach_502,도로점거 미션 클리어 1회,,,
503,Profile_Icon,Achievement,#CSO2_ACHIVEMENT_NAME_503,ach_503,터렛전투 미션 클리어 1회,,,
504,Profile_Icon,Achievement,#CSO2_ACHIVEMENT_NAME_504,ach_504,타임업 미션 클리어 1회,,,
505,Profile_Icon,Achievement,#CSO2_ACHIVEMENT_NAME_505,ach_505,군함전투 미션 클리어 1회,,,
506,Profile_Icon,Achievement,#CSO2_ACHIVEMENT_NAME_506,ach_506,도로점거 미션 클리어 100회,,,
507,Profile_Icon,Achievement,#CSO2_ACHIVEMENT_NAME_507,ach_507,터렛전투 미션 클리어 100회,,,
508,Profile_Icon,Achievement,#CSO2_ACHIVEMENT_NAME_508,ach_508,타임업 미션 클리어 100회,,,
509,Profile_Icon,Achievement,#CSO2_ACHIVEMENT_NAME_509,ach_509,군함전투 미션 클리어 100회,,,
510,Profile_Icon,Achievement,#CSO2_ACHIVEMENT_NAME_510,ach_510,도로점거 미션 00분내에 클리어,,,
511,Profile_Icon,Achievement,#CSO2_ACHIVEMENT_NAME_511,ach_511,터렛전투 미션 00분내에 클리어,,,
512,Profile_Icon,Achievement,#CSO2_ACHIVEMENT_NAME_512,ach_512,타임업 미션 00분내에 클리어,,,
513,Profile_Icon,Achievement,#CSO2_ACHIVEMENT_NAME_513,ach_513,군함전투 미션 00분내에 클리어,,,
514,Profile_Icon,Achievement,#CSO2_ACHIVEMENT_NAME_514,ach_514,한번에 모든미션 클리어,,,
515,Profile_Icon,Achievement,#CSO2_ACHIVEMENT_NAME_515,ach_515,빅시티 레벨 10달성,,,
516,Profile_Icon,Achievement,#CSO2_ACHIVEMENT_NAME_516,ach_516,빅시티 레벨 20달성,,,
517,Profile_Icon,Achievement,#CSO2_ACHIVEMENT_NAME_517,ach_517,빅시티 레벨 30달성,,,
518,Profile_Icon,Achievement,#CSO2_ACHIVEMENT_NAME_518,ach_518,10골 ,,,
519,Profile_Icon,Achievement,#CSO2_ACHIVEMENT_NAME_519,ach_519,100 골,,,
520,Profile_Icon,Achievement,#CSO2_ACHIVEMENT_NAME_520,ach_520,1000 골,,,
521,Profile_Icon,Achievement,#CSO2_ACHIVEMENT_NAME_521,ach_521,100어시스트,,,
522,Profile_Icon,Achievement,#CSO2_ACHIVEMENT_NAME_522,ach_522,건볼모드 이동거리 10km  ,,,
523,Profile_Icon,Achievement,#CSO2_ACHIVEMENT_NAME_523,ach_523,건볼모드 이동거리 500km,,,
524,Profile_Icon,Achievement,#CSO2_ACHIVEMENT_NAME_524,ach_524,건볼모드 이동거리 1000km,,,
525,Profile_Icon,Achievement,#CSO2_ACHIVEMENT_NAME_525,ach_525,클리어10회 ,,,
526,Profile_Icon,Achievement,#CSO2_ACHIVEMENT_NAME_526,ach_526,클리어 100회,,,
527,Profile_Icon,Achievement,#CSO2_ACHIVEMENT_NAME_527,ach_527,클리어 1000 회,,,
528,Profile_Icon,Achievement,#CSO2_ACHIVEMENT_NAME_528,ach_528,역전승으로 게임승리 (팀전체),,,
529,Profile_Icon,Achievement,#CSO2_ACHIVEMENT_NAME_529,ach_529,1골차 승리에서 결승골을 넣었을 때,,,
530,Profile_Icon,Achievement,#CSO2_ACHIVEMENT_NAME_530,ach_530,0점으로 패배했을 때 (팀전체),,,
531,Profile_Icon,Achievement,#CSO2_ACHIVEMENT_NAME_531,ach_531,한 골도 주지 않고 승리 했을 때 (팀전체),,,
532,Profile_Icon,Achievement,#CSO2_ACHIVEMENT_NAME_532,ach_532,버추어 아레나 맵 100회 플레이,,,
533,Profile_Icon,Achievement,#CSO2_ACHIVEMENT_NAME_533,ach_533,연구소 맵 100회 플레이,,,
534,Profile_Icon,Achievement,#CSO2_ACHIVEMENT_NAME_534,ach_534,mk18 100킬,,,
535,Profile_Icon,Achievement,#CSO2_ACHIVEMENT_NAME_535,ach_535,mk18 500킬,,,
536,Profile_Icon,Achievement,#CSO2_ACHIVEMENT_NAME_536,ach_536,mk18 5000킬,,,
537,Profile_Icon,Achievement,#CSO2_ACHIVEMENT_NAME_537,ach_537,akm 100킬,,,
538,Profile_Icon,Achievement,#CSO2_ACHIVEMENT_NAME_538,ach_538,akm 500킬,,,
539,Profile_Icon,Achievement,#CSO2_ACHIVEMENT_NAME_539,ach_539,akm 5000킬,,,
540,Profile_Icon,Achievement,#CSO2_ACHIVEMENT_NAME_540,ach_540,awm 100킬,,,
541,Profile_Icon,Achievement,#CSO2_ACHIVEMENT_NAME_541,ach_541,awm 500킬,,,
542,Profile_Icon,Achievement,#CSO2_ACHIVEMENT_NAME_542,ach_542,awm 5000킬,,,
543,Profile_Icon,Achievement,#CSO2_ACHIVEMENT_NAME_543,ach_543,헤드쿼터 맵 100회 플레이,,,
544,Profile_Icon,Achievement,#CSO2_ACHIVEMENT_NAME_544,ach_544,m1911 100킬,,,
545,Profile_Icon,Achievement,#CSO2_ACHIVEMENT_NAME_545,ach_545,m1911 500킬,,,
546,Profile_Icon,Achievement,#CSO2_ACHIVEMENT_NAME_546,ach_546,m1911 5000킬,,,
547,Profile_Icon,Achievement,#CSO2_ACHIVEMENT_NAME_547,ach_547,스토리지 맵 100회 플레이,,,
548,Profile_Icon,Achievement,#CSO2_ACHIVEMENT_NAME_548,ach_548,M16A4 100킬,,,
549,Profile_Icon,Achievement,#CSO2_ACHIVEMENT_NAME_549,ach_549,M16A4 500킬,,,
550,Profile_Icon,Achievement,#CSO2_ACHIVEMENT_NAME_550,ach_550,M16A4 5000킬,,,
551,Profile_Icon,Achievement,#CSO2_ACHIVEMENT_NAME_551,ach_551,LR300 100킬,,,
552,Profile_Icon,Achievement,#CSO2_ACHIVEMENT_NAME_552,ach_552,LR300 500킬,,,
553,Profile_Icon,Achievement,#CSO2_ACHIVEMENT_NAME_553,ach_553,LR300 5000킬,,,
554,Profile_Icon,Achievement,#CSO2_ACHIVEMENT_NAME_554,ach_554,더스트 러쉬 맵 베테랑,,,
555,Profile_Icon,Achievement,#CSO2_ACHIVEMENT_NAME_555,ach_555,펜트하우스 맵 베테랑,,,
556,Profile_Icon,Achievement,#CSO2_ACHIVEMENT_NAME_556,ach_556,QBZ95 100킬,,,
557,Profile_Icon,Achievement,#CSO2_ACHIVEMENT_NAME_557,ach_557,QBZ95 500킬,,,
558,Profile_Icon,Achievement,#CSO2_ACHIVEMENT_NAME_558,ach_558,QBZ95 5000킬,,,
559,Profile_Icon,Achievement,#CSO2_ACHIVEMENT_NAME_559,ach_559,좀비Z모드 100판 플레이,,,
560,Profile_Icon,Achievement,#CSO2_ACHIVEMENT_NAME_560,ach_560,좀비Z모드 500판 플레이,,,
561,Profile_Icon,Achievement,#CSO2_ACHIVEMENT_NAME_561,ach_561,좀비Z모드 1000판 플레이,,,
562,Profile_Icon,Achievement,#CSO2_ACHIVEMENT_NAME_562,ach_562,좀비Z모드 변이 10개 획득,,,
563,Profile_Icon,Achievement,#CSO2_ACHIVEMENT_NAME_563,ach_563,좀비Z모드 변이 20개 획득,,,
564,Profile_Icon,Achievement,#CSO2_ACHIVEMENT_NAME_564,ach_564,좀비Z모드 변이 30개 획득,,,
565,Profile_Icon,Achievement,#CSO2_ACHIVEMENT_NAME_565,ach_565,좀비Z모드 변이 40개 획득,,,
566,Profile_Icon,Achievement,#CSO2_ACHIVEMENT_NAME_566,ach_566,m95 200킬,,,
567,Profile_Icon,Achievement,#CSO2_ACHIVEMENT_NAME_567,ach_567,m95 1000킬,,,
568,Profile_Icon,Achievement,#CSO2_ACHIVEMENT_NAME_568,ach_568,m95 10000킬,,,
569,Profile_Icon,Achievement,#CSO2_ACHIVEMENT_NAME_569,ach_569,m107a1 200킬,,,
570,Profile_Icon,Achievement,#CSO2_ACHIVEMENT_NAME_570,ach_570,m107a1 1000킬,,,
571,Profile_Icon,Achievement,#CSO2_ACHIVEMENT_NAME_571,ach_571,m107a1 10000킬,,,
572,Profile_Icon,Achievement,#CSO2_ACHIVEMENT_NAME_572,ach_572,무한던전 10 웨이브 달성,,,
573,Profile_Icon,Achievement,#CSO2_ACHIVEMENT_NAME_573,ach_573,무한던전 50 웨이브 달성,,,
574,Profile_Icon,Achievement,#CSO2_ACHIVEMENT_NAME_574,ach_574,무한던전 80 웨이브 달성,,,
575,Profile_Icon,Achievement,#CSO2_ACHIVEMENT_NAME_575,ach_575,무한던전에서 한 번도 죽지 않고 50 웨이브 달성,,,
576,Profile_Icon,Achievement,#CSO2_ACHIVEMENT_NAME_576,ach_576,무한던전 한 판에서 1000킬 달성,,,
577,Profile_Icon,Achievement,#CSO2_ACHIVEMENT_NAME_577,ach_577,무한던전 한 판에서 5000킬 달성,,,
578,Profile_Icon,Achievement,#CSO2_ACHIVEMENT_NAME_578,ach_578,무한던전 한 판에서 10000킬 달성,,,
579,Profile_Icon,Achievement,#CSO2_ACHIVEMENT_NAME_579,ach_579,m16a2 100킬,,,
580,Profile_Icon,Achievement,#CSO2_ACHIVEMENT_NAME_580,ach_580,m16a2 500킬,,,
581,Profile_Icon,Achievement,#CSO2_ACHIVEMENT_NAME_581,ach_581,m16a2 5000킬,,,
582,Profile_Icon,Achievement,#CSO2_ACHIVEMENT_NAME_582,ach_582,K12 100킬,,,
583,Profile_Icon,Achievement,#CSO2_ACHIVEMENT_NAME_583,ach_583,K12 500킬,,,
584,Profile_Icon,Achievement,#CSO2_ACHIVEMENT_NAME_584,ach_584,K12 5000킬,,,
585,Profile_Icon,Achievement,#CSO2_ACHIVEMENT_NAME_585,ach_585,usas12 100킬,,,
586,Profile_Icon,Achievement,#CSO2_ACHIVEMENT_NAME_586,ach_586,usas12 500킬,,,
587,Profile_Icon,Achievement,#CSO2_ACHIVEMENT_NAME_587,ach_587,usas12 5000킬,,,
588,Profile_Icon,Achievement,#CSO2_ACHIVEMENT_NAME_588,ach_588,챌린지 모드 120 웨이브 달성 ,,,
589,Profile_Icon,Achievement,#CSO2_ACHIVEMENT_NAME_589,ach_589,챌린지 모드 200 웨이브 달성 ,,,
590,Profile_Icon,Achievement,#CSO2_ACHIVEMENT_NAME_590,ach_590,챌린지 모드에서 한 번도 죽지 않고 100 웨이브 달성,,,
591,Profile_Icon,Achievement,#CSO2_ACHIVEMENT_NAME_591,ach_591,챌린지 모드 100회 플레이 ,,,
592,Profile_Icon,Achievement,#CSO2_ACHIVEMENT_NAME_592,ach_592,챌린지 모드 500회 플레이,,,
593,Profile_Icon,Achievement,#CSO2_ACHIVEMENT_NAME_593,ach_593,챌린지 모드 1000회 플레이,,,
594,Profile_Icon,Achievement,#CSO2_ACHIVEMENT_NAME_594,ach_594,산탄총의 달인,,,
595,Profile_Icon,Achievement,#CSO2_ACHIVEMENT_NAME_595,ach_595,AF2011A1 100킬,,,
596,Profile_Icon,Achievement,#CSO2_ACHIVEMENT_NAME_596,ach_596,AF2011A1 500킬,,,
597,Profile_Icon,Achievement,#CSO2_ACHIVEMENT_NAME_597,ach_597,AF2011A1 5000킬,,,
598,Profile_Icon,Achievement,#CSO2_ACHIVEMENT_NAME_598,ach_598,DP12 100킬,,,
599,Profile_Icon,Achievement,#CSO2_ACHIVEMENT_NAME_599,ach_599,DP12 500킬,,,
600,Profile_Icon,Achievement,#CSO2_ACHIVEMENT_NAME_600,ach_600,DP12 5000킬,,,
601,Profile_Icon,Achievement,#CSO2_ACHIVEMENT_NAME_601,ach_601,Gilboa Snake 100킬,,,
602,Profile_Icon,Achievement,#CSO2_ACHIVEMENT_NAME_602,ach_602,Gilboa Snake 500킬,,,
603,Profile_Icon,Achievement,#CSO2_ACHIVEMENT_NAME_603,ach_603,Gilboa Snake 5000킬,,,
604,Profile_Icon,Achievement,#CSO2_ACHIVEMENT_NAME_604,ach_604,Triple Threat 100킬,,,
605,Profile_Icon,Achievement,#CSO2_ACHIVEMENT_NAME_605,ach_605,Triple Threat 500킬,,,
606,Profile_Icon,Achievement,#CSO2_ACHIVEMENT_NAME_606,ach_606,Triple Threat 5000킬,,,
607,Profile_Icon,Achievement,#CSO2_ACHIVEMENT_NAME_607,ach_607,좀비Z모드 변이 50개 획득,,,
608,Profile_Icon,Achievement,#CSO2_ACHIVEMENT_NAME_608,ach_608,Z시티 모드에서 7일 이상 생존 10회,,,
609,Profile_Icon,Achievement,#CSO2_ACHIVEMENT_NAME_609,ach_609,Z시티 모드에서 최후의 1인으로 게임 승리 10회,,,
610,Profile_Icon,Achievement,#CSO2_ACHIVEMENT_NAME_610,ach_610,Z시티 모드 100회 플레이,,,
611,Profile_Icon,Achievement,#CSO2_ACHIVEMENT_NAME_611,ach_611,Z시티 모드 500회 플레이,,,
612,Profile_Icon,Achievement,#CSO2_ACHIVEMENT_NAME_612,ach_612,다른 생존자를 100명 이상 처치하기(누적),,,
613,Profile_Icon,Achievement,#CSO2_ACHIVEMENT_NAME_613,ach_613,항복 모션 중인 대상을 100명 이상 처치하기(누적),,,
614,Profile_Icon,Achievement,#CSO2_ACHIVEMENT_NAME_614,ach_614,인사 모션 1000회 이상 사용하기(누적),,,
615,Profile_Icon,Achievement,#CSO2_ACHIVEMENT_NAME_615,ach_615,NPC 좀비 1000마리 이상 처치하기(누적),,,
616,Profile_Icon,Achievement,#CSO2_ACHIVEMENT_NAME_616,ach_616,QJY-88 100킬,,,
617,Profile_Icon,Achievement,#CSO2_ACHIVEMENT_NAME_617,ach_617,QJY-88 500킬,,,
618,Profile_Icon,Achievement,#CSO2_ACHIVEMENT_NAME_618,ach_618,QJY-88 5000킬,,,
619,Profile_Icon,Achievement,#CSO2_ACHIVEMENT_NAME_619,ach_619,GALILSNIPER 초심자,,,
620,Profile_Icon,Achievement,#CSO2_ACHIVEMENT_NAME_620,ach_620,GALILSNIPER 숙련자,,,
621,Profile_Icon,Achievement,#CSO2_ACHIVEMENT_NAME_621,ach_621,GALILSNIPER 전문가,,,
622,Profile_Icon,Achievement,#CSO2_ACHIVEMENT_NAME_622,ach_622,SVT 초심자,,,
623,Profile_Icon,Achievement,#CSO2_ACHIVEMENT_NAME_623,ach_623,SVT 숙련자,,,
624,Profile_Icon,Achievement,#CSO2_ACHIVEMENT_NAME_624,ach_624,SVT 전문가,,,
625,Profile_Icon,Achievement,#CSO2_ACHIVEMENT_NAME_625,ach_625,mosinnagant 초심자,,,
626,Profile_Icon,Achievement,#CSO2_ACHIVEMENT_NAME_626,ach_626,mosinnagant 숙련자,,,
627,Profile_Icon,Achievement,#CSO2_ACHIVEMENT_NAME_627,ach_627,mosinnagant 전문가,,,
628,Profile_Icon,Achievement,#CSO2_ACHIVEMENT_NAME_628,ach_628,xm8 초심자,,,
629,Profile_Icon,Achievement,#CSO2_ACHIVEMENT_NAME_629,ach_629,xm8 숙련자,,,
630,Profile_Icon,Achievement,#CSO2_ACHIVEMENT_NAME_630,ach_630,xm8 전문가,,,
631,Profile_Icon,Achievement,#CSO2_ACHIVEMENT_NAME_631,ach_631,hk416c 초심자,,,
632,Profile_Icon,Achievement,#CSO2_ACHIVEMENT_NAME_632,ach_632,hk416c 숙련자,,,
633,Profile_Icon,Achievement,#CSO2_ACHIVEMENT_NAME_633,ach_633,hk416c 전문가,,,
634,Profile_Icon,Achievement,#CSO2_ACHIVEMENT_NAME_634,ach_634,m27iar 초심자,,,
635,Profile_Icon,Achievement,#CSO2_ACHIVEMENT_NAME_635,ach_635,m27iar 숙련자,,,
636,Profile_Icon,Achievement,#CSO2_ACHIVEMENT_NAME_636,ach_636,m27iar 전문가,,,
637,Profile_Icon,Achievement,#CSO2_ACHIVEMENT_NAME_637,ach_637,svd 초심자,,,
638,Profile_Icon,Achievement,#CSO2_ACHIVEMENT_NAME_638,ach_638,svd 숙련자,,,
639,Profile_Icon,Achievement,#CSO2_ACHIVEMENT_NAME_639,ach_639,svd 전문가,,,
640,Profile_Icon,Achievement,#CSO2_ACHIVEMENT_NAME_640,ach_640,50 Beowulf 초심자,,,
641,Profile_Icon,Achievement,#CSO2_ACHIVEMENT_NAME_641,ach_641,50 Beowulf 숙련자,,,
642,Profile_Icon,Achievement,#CSO2_ACHIVEMENT_NAME_642,ach_642,50 Beowulf 전문가,,,
643,Profile_Icon,Achievement,#CSO2_ACHIVEMENT_NAME_643,ach_643,M9 Grease 초심자,,,
644,Profile_Icon,Achievement,#CSO2_ACHIVEMENT_NAME_644,ach_644,M9 Grease 숙련자,,,
645,Profile_Icon,Achievement,#CSO2_ACHIVEMENT_NAME_645,ach_645,M9 Grease 전문가,,,
646,Profile_Icon,Achievement,#CSO2_ACHIVEMENT_NAME_646,ach_646,M1A1 Thompson 초심자,,,
647,Profile_Icon,Achievement,#CSO2_ACHIVEMENT_NAME_647,ach_647,M1A1 Thompson 숙련자,,,
648,Profile_Icon,Achievement,#CSO2_ACHIVEMENT_NAME_648,ach_648,M1A1 Thompson 전문가,,,
649,Profile_Icon,Achievement,#CSO2_ACHIVEMENT_NAME_649,ach_649,M1918 BAR 초심자,,,
650,Profile_Icon,Achievement,#CSO2_ACHIVEMENT_NAME_650,ach_650,M1918 BAR 숙련자,,,
651,Profile_Icon,Achievement,#CSO2_ACHIVEMENT_NAME_651,ach_651,M1918 BAR 전문가,,,
652,Profile_Icon,Achievement,#CSO2_ACHIVEMENT_NAME_652,ach_652,HCAR 초심자,,,
653,Profile_Icon,Achievement,#CSO2_ACHIVEMENT_NAME_653,ach_653,HCAR 숙련자,,,
654,Profile_Icon,Achievement,#CSO2_ACHIVEMENT_NAME_654,ach_654,HCAR 전문가,,,
655,Profile_Icon,Achievement,#CSO2_ACHIVEMENT_NAME_655,ach_655,t91 초심자,,,
656,Profile_Icon,Achievement,#CSO2_ACHIVEMENT_NAME_656,ach_656,t91 숙련자,,,
657,Profile_Icon,Achievement,#CSO2_ACHIVEMENT_NAME_657,ach_657,t91 전문가,,,
658,Profile_Icon,Achievement,#CSO2_ACHIVEMENT_NAME_658,ach_658,xt97 초심자,,,
659,Profile_Icon,Achievement,#CSO2_ACHIVEMENT_NAME_659,ach_659,xt97 숙련자,,,
660,Profile_Icon,Achievement,#CSO2_ACHIVEMENT_NAME_660,ach_660,xt97 전문가,,,
900,Profile_Icon,Rank,#CSO2_UI_RANK_00,Rank_00,훈련병,,,
901,Profile_Icon,Rank,#CSO2_UI_RANK_01,Rank_01,이병,,,
902,Profile_Icon,Rank,#CSO2_UI_RANK_02,Rank_02,일병,,,
903,Profile_Icon,Rank,#CSO2_UI_RANK_03,Rank_03,상병,,,
904,Profile_Icon,Rank,#CSO2_UI_RANK_04,Rank_04,병장,,,
905,Profile_Icon,Rank,#CSO2_UI_RANK_05,Rank_05,하사,,,
906,Profile_Icon,Rank,#CSO2_UI_RANK_06,Rank_06,중사,,,
907,Profile_Icon,Rank,#CSO2_UI_RANK_07,Rank_07,상사,,,
908,Profile_Icon,Rank,#CSO2_UI_RANK_08,Rank_08,원사,,,
909,Profile_Icon,Rank,#CSO2_UI_RANK_09,Rank_09,준위,,,
910,Profile_Icon,Rank,#CSO2_UI_RANK_10,Rank_10,소위,,,
911,Profile_Icon,Rank,#CSO2_UI_RANK_11,Rank_11,중위,,,
912,Profile_Icon,Rank,#CSO2_UI_RANK_12,Rank_12,대위,,,
913,Profile_Icon,Rank,#CSO2_UI_RANK_13,Rank_13,소령,,,
914,Profile_Icon,Rank,#CSO2_UI_RANK_14,Rank_14,중령,,,
915,Profile_Icon,Rank,#CSO2_UI_RANK_15,Rank_15,대령,,,
916,Profile_Icon,Rank,#CSO2_UI_RANK_16,Rank_16,준장,,,
917,Profile_Icon,Rank,#CSO2_UI_RANK_17,Rank_17,소장,,,
918,Profile_Icon,Rank,#CSO2_UI_RANK_18,Rank_18,중장,,,
919,Profile_Icon,Rank,#CSO2_UI_RANK_19,Rank_19,대장,,,
920,Profile_Icon,Rank,#CSO2_UI_RANK_20,Rank_20,원수,,,
921,Profile_Icon,Item,#CSO2_ICON_NAME_2001,Item_season2_1,시즌2 보상 1단계,,,
922,Profile_Icon,Item,#CSO2_ICON_NAME_2002,Item_season2_2,시즌2 보상 2단계,,,
923,Profile_Icon,Item,#CSO2_ICON_NAME_2003,Item_season2_3,시즌2 보상 3단계,,,
924,Profile_Icon,Item,#CSO2_ICON_NAME_924,Item_season3_1,시즌3 보상 1단계,,,
925,Profile_Icon,Item,#CSO2_ICON_NAME_925,Item_season3_2,시즌3 보상 2단계,,,
926,Profile_Icon,Item,#CSO2_ICON_NAME_926,Item_season3_3,시즌3 보상 3단계,,,
927,Profile_Icon,Item,#CSO2_ICON_NAME_927,Item_season4_3,시즌4 위관보상,,,
928,Profile_Icon,Item,#CSO2_ICON_NAME_928,Item_season4_2,시즌4 영관 보상,,,
929,Profile_Icon,Item,#CSO2_ICON_NAME_929,Item_season4_1,시즌4 장군 보상,,,
930,Profile_Icon,Item,#CSO2_ICON_NAME_930,Item_newui,UI개편기념보상,,,
931,Profile_Icon,Item,#CSO2_ICON_NAME_931,Item_profile_carrie01viper01,캐리 바이퍼 수집 보상,,,
932,Profile_Icon,Item,#CSO2_ICON_NAME_932,Item_season5_3,시즌5 위관 보상,,,
933,Profile_Icon,Item,#CSO2_ICON_NAME_933,Item_season5_2,시즌5 영관 보상,,,
934,Profile_Icon,Item,#CSO2_ICON_NAME_934,Item_season5_1,시즌5 장군 보상,,,
935,Profile_Icon,Item,#CSO2_ICON_NAME_935,Item_kr4year,한국 4주년 기념 아이콘,,,
1001,Profile_Icon,Default,#CSO2_ICON_NAME_1001,Default_cso2,로고아이콘,,,
1002,Profile_Icon,Default,#CSO2_ICON_NAME_1002,Default_leet,릿,,,
1003,Profile_Icon,Default,#CSO2_ICON_NAME_1003,Default_gign,장피에르,,,
1004,Profile_Icon,Default,#CSO2_ICON_NAME_1004,Default_arctic,아인베르크,,,
1005,Profile_Icon,Default,#CSO2_ICON_NAME_1005,Default_sas,라이언,,,
1006,Profile_Icon,Default,#CSO2_ICON_NAME_1006,Supporters,서포터즈,,,
1007,Profile_Icon,Item,#CSO2_ICON_NAME_1007,Item_lisa,리사,,,
1008,Profile_Icon,Item,#CSO2_ICON_NAME_1008,Item_mila,밀라,,,
1009,Profile_Icon,Item,#CSO2_ICON_NAME_1009,Item_michael,마이클,,,
1010,Profile_Icon,Item,#CSO2_ICON_NAME_1010,Item_karachenko,카라첸코,,,
1011,Profile_Icon,Item,#CSO2_ICON_NAME_1011,Item_yuri,유리,,,
1012,Profile_Icon,Item,#CSO2_ICON_NAME_1012,Item_choi,최지윤,,,
1013,Profile_Icon,Item,#CSO2_ICON_NAME_1013,Item_lincoln,링컨,,,
1014,Profile_Icon,Item,#CSO2_ICON_NAME_1014,Item_mao,마오,,,
1015,Profile_Icon,Item,#CSO2_ICON_NAME_1015,Item_Police,경찰 뱃지 (계급 리셋 보상),,,
1016,Profile_Icon,Item,#CSO2_EVENT_20151001_ICON_NAME,EVT_CHINA_20151001,중국 국경절 이벤트 업적아이콘,,,
1017,Profile_Icon,Item,#CSO2_ICON_NAME_1016,Item_chn1year,중국 1주년 뱃지,,,
1018,Profile_Icon,Item,#CSO2_ICON_NAME_1018,Item_preseapon,프리 시즌 보상,,,
1019,Profile_Icon,Item,#CSO2_ICON_NAME_1019,Item_season1_1,시즌1 보상 1단계,,,
1020,Profile_Icon,Item,#CSO2_ICON_NAME_1020,Item_season1_2,시즌1 보상 2단계,,,
1021,Profile_Icon,Item,#CSO2_ICON_NAME_1021,Item_season1_3,시즌1 보상 3단계,,,
1022,Profile_Icon,Item,#CSO2_ICON_NAME_1022,Item_partyking,수영복 밀라리사 모두 획득(수영장 파티킹),,,
1023,Profile_Icon,Item,#CSO2_ICON_NAME_1023,Item_chn2year,중국 2주년 뱃지,,,
9001,Reward_Icon,,#CSO2_ICON_NAME_9001,EXP,경험치,,,
9002,Reward_Icon,,#CSO2_ICON_NAME_9002,POINT,포인트,,,
9003,Reward_Icon,,#CSO2_ICON_NAME_9003,ach_hidden,히든업적,,,
9004,Reward_Icon,,#CSO2_ICON_NAME_9004,Name_Title,칭호(타이틀),,,
9005,Reward_Icon,,#CSO2_ICON_NAME_9005,CLAN_EXP,클랜 경험치,,,
